ID#,Name,College,Age
1,Mr. Othel Hauck,ITU,32
2,Tamia Ritchie,SJSU,21
3,Mr. Jamarcus Daugherty III,Stanford,31
4,Adison Green,SCU,20
5,Jean Davis DVM,ITU,19
6,Ryne Boehm,SJSU,33
7,Oral Toy,ITU,32
8,Ms. Laverne Krajcik DVM,ITU,29
9,Mr. Della Kreiger DDS,ITU,33
10,Domonique Frami,ITU,34
11,Estevan Murazik,SJSU,31
12,Mareli Roberts,Stanford,34
13,Cary Boyer,SCU,19
14,Nallely Cruickshank,SJSU,33
15,Amiya Rempel,ITU,21
16,Dr. Kierra Weimann,SCU,23
17,Maira Bogan,Stanford,20
18,Ellwood Blanda,ITU,25
19,Mr. Elex Schumm DVM,Stanford,30
20,Judd Beatty,SJSU,33
21,Arvin Kohler,SJSU,23
22,Clarissa Doyle,SCU,34
23,Dr. Chip Hoppe,ITU,22
24,Wm Champlin,ITU,33
25,Mr. Almus Murazik Jr.,ITU,26
26,Mr. Morris Smitham MD,SJSU,20
27,Melonie Cruickshank,Stanford,34
28,Madelynn Beatty,ITU,26
29,Darrion Schamberger,SJSU,29
30,Whitney Halvorson IV,SJSU,19
31,Ruthanne Batz DVM,Stanford,25
32,Adin Stiedemann,SJSU,34
33,Shawnte McClure,ITU,19
34,Miss Leota Harber,Stanford,29
35,Jerel Brakus I,ITU,24
36,Jayleen Lynch,Stanford,20
37,Trevon Nitzsche,SJSU,21
38,Lexie Veum,SJSU,22
39,Atlas Boyer,SJSU,20
40,Jill Boyle,SJSU,18
41,Kathie Herzog,SCU,34
42,Ms. Charlsie Huels,Stanford,25
43,Mrs. Edra Mayer DVM,ITU,26
44,Mrs. Danita Wilderman,SJSU,25
45,Loyd Hessel,ITU,34
46,Lonna Jakubowski,Stanford,20
47,Sigrid Morar,SJSU,27
48,Mr. Mariano Durgan,SCU,27
49,Paula Fay,SCU,32
50,Miss Loda D'Amore,Stanford,33
51,Clarissa Cole,SCU,21
52,Kadeem Nolan,Stanford,26
53,Dr. Talen Douglas PhD,ITU,25
54,Marybelle Becker,Stanford,21
55,Fount Wunsch III,SCU,30
56,Zenas Conn DVM,SCU,21
57,Miss Alina Batz PhD,Stanford,21
58,Bishop Price,SCU,29
59,Dr. Marty Dooley,ITU,25
60,Bush Treutel,Stanford,22
61,Geraldo Lowe,SCU,31
62,Eugenie Kertzmann,SCU,21
63,Nevaeh Miller,Stanford,32
64,Braydon Rodriguez,SJSU,26
65,Charley Prohaska,ITU,21
66,Ms. Zara Wunsch DDS,SCU,20
67,Velia Durgan,SCU,18
68,Ms. Elmyra Goodwin,SCU,27
69,Charissa Oberbrunner,SJSU,23
70,Alphonso Dare IV,SCU,27
71,Verdell Bogisich,SCU,30
72,Lisette Lindgren,ITU,27
73,Dr. Nicholaus Auer,ITU,33
74,Miss Bird Ledner PhD,ITU,32
75,Rollie McDermott,SJSU,23
76,Ricci Ledner,ITU,26
77,Mr. Cheyenne Lubowitz,SJSU,32
78,Uriel Aufderhar,SCU,32
79,Miss Roena Daugherty MD,SJSU,19
80,Brayden Cummerata,SJSU,19
81,Earnestine Mills,SJSU,19
82,Natalee Nolan PhD,SJSU,18
83,Asberry Armstrong,ITU,22
84,Mekhi Roberts,SJSU,23
85,Miss Adell Rippin DDS,SCU,19
86,Mr. Johnpaul Hartmann,ITU,27
87,Maribel Pagac,SCU,29
88,Sherryl Gulgowski,ITU,21
89,Shanika Welch PhD,ITU,18
90,Mrs. Jaylah Wintheiser,SCU,23
91,Dr. Haleigh Abshire MD,SJSU,30
92,Mr. Ocie Ryan DDS,ITU,24
93,Kristi Abbott,SJSU,22
94,Lovie Zboncak,SCU,22
95,Fronie Ward,SJSU,19
96,Mrs. Shianne O'Reilly DVM,SCU,34
97,Eldridge Pagac,SJSU,19
98,Miss Grayce Flatley,Stanford,20
99,Mrs. Araceli Senger,SJSU,29
100,Ms. Sharron Bradtke,Stanford,33
101,Mr. Vander Swaniawski V,ITU,23
102,Nettie Conn,SJSU,32
103,Dallin Lang,Stanford,22
104,Gracelyn Hoeger,ITU,30
105,Jermain Blanda,ITU,24
106,Adrian Stroman,Stanford,30
107,Kevan Boyer PhD,ITU,30
108,Mr. Littleton Tremblay,Stanford,26
109,Dr. Jed Bruen,Stanford,24
110,Tracey Pagac DDS,SCU,34
111,Dr. Janie Rippin,SCU,26
112,Nohely Ryan,Stanford,22
113,Windy Streich,SCU,25
114,Stefan Glover,Stanford,18
115,Ms. Jaylah Spencer,Stanford,18
116,Nikole Dooley,SJSU,27
117,Mr. Beckett Champlin,ITU,34
118,Emmet Terry,ITU,23
119,Christeen Dare,ITU,18
120,Delphine Stracke,Stanford,21
121,Dr. Nilda Huel DDS,ITU,29
122,Mr. Russel Metz,SCU,22
123,Lemuel Berge,SJSU,24
124,Ms. Amelie McKenzie,ITU,34
125,Shirlie Nikolaus,SJSU,21
126,Josiephine Grady,ITU,30
127,Ms. Adrianna Konopelski,Stanford,24
128,Ms. Anna Farrell DDS,SCU,18
129,Rettie Kirlin PhD,SJSU,22
130,Dickie Rempel,Stanford,23
131,Cortney Kuhn,ITU,27
132,Mr. Lucius Kiehn,Stanford,31
133,Kenya Veum,SJSU,20
134,Shreya Gorczany DVM,ITU,27
135,Miss Kinsey Wehner MD,SCU,22
136,Dr. Miah Kutch DVM,ITU,23
137,Rafael Sawayn,ITU,27
138,Cassidy Donnelly DVM,SJSU,31
139,Alvera Skiles DDS,SCU,31
140,Layla Barton,Stanford,26
141,Greene Moen MD,SCU,25
142,Burnice Stiedemann,ITU,32
143,Julius Hackett,ITU,24
144,Harlow Aufderhar DVM,SJSU,19
145,Toy Ebert,SJSU,34
146,Hardie Schmitt MD,ITU,27
147,Kailyn Brakus,SJSU,28
148,Garrick Hintz V,SCU,29
149,Alonso Hansen,Stanford,29
150,Ardelia Legros,ITU,22
151,Dakoda Harvey,Stanford,31
152,Mrs. Loretto Moore,SJSU,29
153,Jonnie Leffler,ITU,24
154,Miss Lovie Bosco,ITU,24
155,Ashly Eichmann PhD,SCU,18
156,Mr. Elliott Schuster IV,SCU,34
157,Mannie Abbott,Stanford,19
158,Tisa Kautzer,SJSU,25
159,Marissa Nicolas,Stanford,27
160,Ms. Maybelle Kling DDS,Stanford,23
161,Lu Kuhic DDS,SCU,25
162,Dr. Destry Mante V,SCU,28
163,Blair Orn,Stanford,32
164,Geo Raynor,ITU,27
165,Dr. Lula Larkin DDS,Stanford,31
166,Cruz Dickinson,SCU,30
167,Lorenza Huel,SCU,26
168,Beecher Stanton,SCU,18
169,Anastacia McClure,SCU,31
170,Mr. Arthur Hane II,ITU,18
171,Devan Hegmann,ITU,23
172,Frank Schaefer,Stanford,21
173,Glover Cormier,SJSU,21
174,Perry Feil PhD,ITU,25
175,Stanley McClure,ITU,25
176,Arden Upton,SJSU,19
177,Aiyanna Reichel,SCU,19
178,Dr. Hamza Cummings PhD,SCU,23
179,Justus Miller,ITU,28
180,Miss Alvina Hilpert PhD,SCU,26
181,Mr. Stone Stroman I,SCU,23
182,Mr. Kamari Barrows,ITU,29
183,Adline Moore,SCU,23
184,Ira Erdman,SJSU,31
185,Krish Hoppe MD,Stanford,19
186,Enrico Purdy Jr.,SJSU,23
187,Odell Heathcote,ITU,30
188,Evelena Skiles,SCU,23
189,Ilona Bahringer,Stanford,28
190,Ms. Arly Langosh DDS,ITU,33
191,Mrs. Cori Huels,SJSU,29
192,Germaine Kris,SCU,30
193,Ancel Kub,SJSU,21
194,Mansfield Beahan I,ITU,19
195,Rock Braun,SJSU,26
196,Marianita Carter,ITU,22
197,Khalid Pouros,SJSU,28
198,Dr. Tanner Grimes,Stanford,30
199,Ronaldo Pfeffer,Stanford,28
200,Henderson Nikolaus,Stanford,27
201,Estie McCullough,Stanford,26
202,Damari Larson,Stanford,23
203,Dr. Stephon Douglas,SCU,23
204,Paralee Halvorson,Stanford,23
205,Brandyn Keebler,SJSU,32
206,Colie Thompson III,ITU,21
207,Mrs. Ember Kuhic,ITU,32
208,Clide Casper,Stanford,34
209,Angel Jacobs I,ITU,18
210,Rosia Connelly,SJSU,31
211,Dr. Dempsey Roob Sr.,SJSU,24
212,Blair Daniel,SJSU,30
213,Ricci Leffler,ITU,19
214,Haven Barrows,SCU,21
215,Felecia Pouros,ITU,28
216,Marquise Ferry,SJSU,28
217,Miss Harriet Deckow,Stanford,31
218,Ms. Kati Quitzon MD,SJSU,29
219,Wilkie Wisoky,Stanford,21
220,Doshie O'Keefe,SCU,26
221,Burrell Armstrong,SJSU,28
222,Tresa Wisozk,Stanford,34
223,Miss Shaneka Kemmer,SCU,24
224,Alessandro Ernser,Stanford,27
225,Lesley Goldner,Stanford,27
226,Myra Bahringer MD,SJSU,18
227,Dr. Hamza Rau,Stanford,20
228,Aria Kovacek,SJSU,25
229,Rashawn Cummerata,SCU,33
230,Leora Durgan DDS,SJSU,31
231,Miss Isamar Wolf,ITU,34
232,Ridge Cruickshank,SJSU,34
233,Dozier Konopelski,SJSU,23
234,Boston O'Kon,ITU,19
235,Nyree Botsford DVM,SJSU,21
236,Shane Hahn,SCU,30
237,Vira Bednar,Stanford,21
238,Emelie Bahringer MD,ITU,31
239,Carry Parisian,SJSU,29
240,Bernita Feil,SCU,21
241,Hildegard Kuhic,ITU,33
242,Ines Schmitt,SCU,32
243,Dr. Lu Zboncak,ITU,34
244,Heidi Donnelly,Stanford,19
245,Ether Streich,ITU,27
246,Tarah Hartmann,Stanford,33
247,Jeane Wiegand,SJSU,22
248,Jeffie Parker,SCU,20
249,Ms. Pennie Walter DVM,SCU,21
250,Danika Swaniawski,SJSU,24
251,Dr. Bernardo Oberbrunner Jr.,ITU,23
252,Dorr Bayer,SCU,24
253,Isla Reilly,ITU,28
254,Wendel Walsh II,SJSU,20
255,Mr. Ruby Hegmann Jr.,SJSU,33
256,Dr. Nobie Grant DDS,SCU,23
257,Cory Gorczany,Stanford,27
258,Dr. Ted Kihn Sr.,ITU,27
259,Kaye Hartmann,Stanford,32
260,Mr. Chesley Mayer III,SJSU,24
261,Letty Bradtke,SCU,19
262,Alease Krajcik,Stanford,25
263,Hudson Grimes,SJSU,24
264,Emery Mitchell,SCU,24
265,Mr. Weston Dach IV,ITU,22
266,Mrs. Paralee Brown PhD,ITU,30
267,Miss Angelic Hoppe DVM,SCU,25
268,Hailee Schiller,SCU,23
269,Mrs. Rosalia Ernser DDS,SCU,19
270,Estes Wilderman,SJSU,20
271,Quiana Becker,SCU,32
272,Bella Powlowski,SJSU,18
273,Nakia Langosh,SCU,19
274,Dr. Abigail Olson MD,SCU,24
275,Martell King,ITU,29
276,Jonas Hegmann,ITU,23
277,Brodie Huels,ITU,24
278,Orley Wiza,SCU,27
279,Ms. Exie Gibson,SCU,18
280,Dr. Cephus Wehner,Stanford,30
281,Shawanda Walker,SCU,18
282,Moshe Gerlach,ITU,32
283,Luster Armstrong,SJSU,27
284,Ericka Watsica,SCU,30
285,Markell Treutel,ITU,20
286,Mrs. Caleigh Wuckert,Stanford,23
287,Madge Lindgren,Stanford,29
288,Karolyn Dooley,ITU,27
289,Velva Jaskolski,SCU,26
290,Meghann Nolan,Stanford,25
291,Elder Bechtelar,SCU,34
292,Bernadine Kutch,Stanford,24
293,Mrs. Asha Nitzsche MD,ITU,20
294,Dr. Giuseppe Torp,SCU,33
295,Dollie Heaney,Stanford,19
296,Larkin Nitzsche,Stanford,19
297,Haiden Watsica,SJSU,26
298,Mr. Giovani Auer,SCU,26
299,Bryce Hahn MD,ITU,18
300,Ashely Ritchie,SCU,29
301,Tinie Altenwerth,ITU,26
302,Axel Deckow,ITU,23
303,Charls Hammes,SJSU,31
304,Shelton Hoeger,ITU,33
305,Arland Hansen,SJSU,30
306,Jovanny Parisian Jr.,SCU,18
307,Littie Hahn,SCU,28
308,Dr. Carmelo Stamm DVM,ITU,21
309,Miss Kamilah Romaguera,SCU,20
310,Lottie Stanton,SJSU,23
311,Cletus Altenwerth Jr.,SCU,34
312,Kacey McLaughlin DDS,Stanford,34
313,Lum Schuppe,SCU,30
314,Mrs. Danyelle Thiel,Stanford,27
315,Aimee Langosh DVM,SCU,18
316,Garrick Koch,SJSU,23
317,Demetria Cormier,SJSU,27
318,Kerry Rohan,Stanford,19
319,Eva Wunsch,ITU,29
320,Miss Inell Swaniawski,ITU,27
321,Mr. Burnell Orn PhD,ITU,18
322,Dr. Yael Bartoletti Jr.,Stanford,28
323,Mr. Daxton Anderson IV,ITU,21
324,Traci Rippin,SCU,18
325,Foch O'Conner V,Stanford,21
326,Siena Miller,ITU,24
327,Finn Adams,SCU,33
328,Maxie Hilll,Stanford,20
329,Kolten Keeling,ITU,31
330,Margene Thompson,ITU,28
331,Armand Marks,ITU,19
332,Dijon Green,ITU,20
333,Willaim Schulist,ITU,26
334,Roderick Cassin,ITU,25
335,Venice Hegmann PhD,ITU,20
336,Antoinette Spinka,ITU,24
337,Dr. Dora Reichel,SCU,26
338,Sid Friesen,ITU,28
339,Ricki Schowalter,ITU,24
340,Dr. Jamil Hessel,ITU,19
341,Mr. Danny Carroll I,ITU,33
342,Zoe Wisoky PhD,ITU,32
343,Devante Ullrich,ITU,26
344,Hill Bahringer,ITU,21
345,Domenic Smith,Stanford,27
346,Tad Russel,SCU,30
347,Lawton Torphy,ITU,26
348,Demario Hodkiewicz,SCU,19
349,Vernie DuBuque,SCU,18
350,Lillie Klocko,SJSU,19
351,Cleave Sipes,SJSU,34
352,Akeelah Steuber,Stanford,29
353,Mr. Frances Halvorson Jr.,Stanford,28
354,Ms. Evelyn Barrows DDS,ITU,20
355,Dr. Jalen Ferry V,Stanford,29
356,Greggory Keeling,SCU,30
357,Miss Indiana Borer MD,SCU,22
358,Miss Torie Huels,SJSU,22
359,Bobby Schaden,Stanford,21
360,Mrs. Mandi Swaniawski DDS,ITU,31
361,Annabel Jacobs,SJSU,26
362,Kayley Wisozk,ITU,31
363,Mrs. Zion Hamill DVM,ITU,26
364,Woody Skiles,ITU,27
365,Morgan VonRueden,Stanford,32
366,Mr. Brown Lowe,Stanford,24
367,Dr. Lula Gerhold PhD,ITU,23
368,Price Littel,ITU,33
369,Mr. Jame O'Conner DVM,ITU,29
370,Kazuko Waters,SCU,18
371,Jensen Daniel PhD,SCU,25
372,Ples Wilderman,Stanford,25
373,Kelsey Kuphal,Stanford,18
374,Mr. Bernardo Schimmel,Stanford,19
375,Dr. Alfonzo Fisher Sr.,ITU,27
376,Isabel Lockman,ITU,32
377,Helmer Cassin,SCU,32
378,Raquan VonRueden,Stanford,30
379,Ms. Christa Kassulke,SJSU,25
380,Dr. Celeste Brakus,SJSU,24
381,Mazie Romaguera,ITU,31
382,Miss Beda Zboncak,Stanford,19
383,Francisquita Funk,SJSU,21
384,Rosario Walker,Stanford,18
385,Laisha Dach,SCU,34
386,Mrs. Maliyah Cronin PhD,Stanford,26
387,Savon Crooks,ITU,19
388,Nona Sauer,Stanford,29
389,Mabell Lind,Stanford,29
390,Rueben Hahn,Stanford,24
391,Crawford Welch,SCU,22
392,Sylvanus Lakin,SJSU,28
393,Violeta Altenwerth,SJSU,21
394,Tresa Pfeffer,ITU,21
395,Cher Keeling,Stanford,30
396,Dr. Rashaan Koepp MD,SJSU,20
397,Evans Denesik,SJSU,28
398,Mr. Demonte Murray I,SCU,18
399,Sannie Harris,SJSU,21
400,Windell Kris DDS,SJSU,27
401,Luann O'Kon,Stanford,23
402,Jeanmarie Schinner,SJSU,29
403,Mathilda Schmitt,SCU,29
404,Gillie Quitzon,Stanford,24
405,Mrs. Rosalie Rice MD,SCU,34
406,Alisson Kerluke DDS,Stanford,34
407,Shanequa Ryan,SJSU,18
408,Georgine Prosacco DVM,Stanford,27
409,Grafton Klocko,SCU,21
410,Edson Goodwin,Stanford,25
411,Corrine Effertz,SCU,31
412,Charley Bashirian,ITU,26
413,Mateo Dickinson I,SCU,21
414,Herschel Auer,SJSU,32
415,Azalee Kessler,ITU,20
416,Henri Christiansen,ITU,20
417,Tabatha Sauer,SCU,27
418,Long Runte,SJSU,20
419,Marilee Swift,SCU,21
420,Rhoda Jerde,Stanford,20
421,Waino Hudson,SJSU,24
422,Dr. Mikayla Kiehn,SCU,24
423,Gerold Stark,SJSU,30
424,Donta Deckow,SCU,27
425,Denny Schamberger,SJSU,20
426,Dr. Anibal Oberbrunner,ITU,18
427,Karim Langworth,ITU,22
428,Kourtney Roob DVM,Stanford,19
429,Aubrie Heller,SJSU,19
430,Dallas Eichmann,Stanford,27
431,Dr. Alice Hoeger,SJSU,18
432,Suzanne Stoltenberg,ITU,34
433,Tilman Sporer,ITU,24
434,Dr. Ivor Schowalter I,Stanford,30
435,Dr. Arlis Ruecker MD,SJSU,28
436,Rogers Altenwerth,Stanford,18
437,Hali Cormier,SCU,20
438,Lovey Ullrich,SCU,27
439,Erika Raynor PhD,SCU,18
440,Petra Stehr,SJSU,24
441,Mr. Stoney Reinger,Stanford,32
442,Dr. Elizah Pfeffer Jr.,SJSU,24
443,Cinnamon Schaden,SCU,21
444,Nora Cummings,SJSU,32
445,Dr. Vara Hintz MD,SJSU,27
446,Altha Krajcik PhD,SCU,32
447,Dr. Jalynn Walter,Stanford,28
448,Shep Farrell,Stanford,21
449,Ms. Blair Steuber DVM,Stanford,34
450,Miss Brylee Jakubowski PhD,SJSU,21
451,Arly Grady,ITU,34
452,Tahj O'Conner,SCU,19
453,Myrtle Farrell,Stanford,26
454,Amya Christiansen PhD,Stanford,26
455,Roderick Towne DVM,Stanford,18
456,Mickey Gleason,SJSU,28
457,Ms. Rosalinda Stanton,ITU,22
458,Nolen Marvin,ITU,29
459,Richard Kessler,SJSU,31
460,Ms. Velda Kassulke DDS,SJSU,33
461,Mrs. Opha Jacobs,ITU,29
462,Mr. Kunta Kozey MD,Stanford,32
463,Steven Reilly,ITU,32
464,Kamari Dickinson DDS,SJSU,18
465,Mr. Dow Bruen III,Stanford,19
466,Mr. Terrance Jakubowski,Stanford,26
467,Marcell Gutmann,SJSU,21
468,Zhane Bode,Stanford,30
469,Berton O'Connell Jr.,SJSU,22
470,Tommie Olson,SJSU,31
471,Roe Luettgen,ITU,18
472,Myrna Walker,SCU,21
473,Ron Sanford,SCU,32
474,Clayton Ondricka,ITU,27
475,Mr. Laurance Schamberger V,ITU,29
476,Shaina Champlin,SJSU,31
477,Mitchell Goodwin,Stanford,24
478,Blaise Schuppe,Stanford,32
479,Dr. Nevin Wehner,Stanford,24
480,Dr. Lyndon Little,Stanford,19
481,Coletta Kiehn,SJSU,22
482,Siddie Heller,SJSU,23
483,Tonda Hills,SJSU,32
484,Shemar Armstrong,SCU,19
485,Jarett Harvey,Stanford,20
486,Kinte Aufderhar V,ITU,25
487,Khari Swaniawski,SJSU,18
488,Ansel Labadie,SJSU,22
489,Sigrid Lockman,SJSU,32
490,Shayne Lynch,Stanford,20
491,Neva Jerde,SCU,23
492,Braeden Dibbert,Stanford,19
493,Dr. Joe Aufderhar,Stanford,25
494,Gabriela Mayert,SJSU,34
495,Fawn Johnson,SCU,30
496,Giovanna Abernathy,SCU,31
497,Ms. Pandora Kihn,Stanford,23
498,Ms. Cathy Mayert DDS,Stanford,21
499,Glover Quigley,ITU,28
500,Selena Keeling,ITU,33
501,Ms. Ladonna Willms,ITU,33
502,Dr. Zaire Dicki DDS,SJSU,23
503,Shelli Sporer,ITU,20
504,Ned Franecki,ITU,23
505,Miss Marely Brakus,ITU,27
506,Danette Lehner,Stanford,31
507,Cleveland King,SCU,29
508,Hillery Thompson,SCU,25
509,Joetta Hahn,SCU,20
510,Dr. Salvador Mohr Sr.,SCU,19
511,Mrs. Cassandra Schmidt MD,ITU,18
512,Alida Adams,SCU,18
513,Analia Wisozk,SJSU,18
514,Dr. Jaret Stark,SCU,22
515,Candis Towne DVM,ITU,32
516,Corinne Ferry DDS,SJSU,31
517,Edmund Abernathy,SCU,27
518,Mrs. Lempi Kris,SCU,21
519,Mr. Harlen Wintheiser,SJSU,24
520,Dr. Yandel Boehm,ITU,33
521,Dr. Jajuan Blick,ITU,20
522,Basil Koss II,SJSU,34
523,Sannie Cronin,ITU,22
524,Dr. Shelly Pollich DDS,Stanford,30
525,Marylyn Mante MD,ITU,30
526,Lisha Strosin,SCU,20
527,Alessandro Kulas,Stanford,33
528,Anastasia Runte,Stanford,25
529,Sharif Feil,SJSU,19
530,Cortez Erdman,ITU,31
531,Joeseph Denesik,SJSU,20
532,Malissa Stokes,SJSU,18
533,Mr. Nello Kuhlman,SJSU,30
534,Westley Ortiz,ITU,30
535,Dr. Mohammad Morar II,SCU,30
536,Dr. Olivia Abernathy,ITU,26
537,Isaias Cummings,SJSU,29
538,Miss Mylie King DDS,SCU,27
539,Saniya Johns,SCU,19
540,Migdalia Spencer,SJSU,22
541,Miss Shanita Kuhic,ITU,20
542,Rian Volkman,SCU,24
543,Vance Larson,SCU,31
544,Ms. Mina Dietrich PhD,SJSU,21
545,Dr. Mauro Johnston DDS,ITU,29
546,Mr. Mcarthur Senger,ITU,29
547,Aarav Bauch,SJSU,27
548,Lula Von,ITU,33
549,Miss Diamond Greenholt PhD,SCU,28
550,Camila Dietrich,Stanford,22
551,Kaia Emmerich,SJSU,29
552,Ruel Lebsack Jr.,ITU,24
553,Lucretia Dibbert,ITU,27
554,Ardell Kulas DVM,SJSU,34
555,Ashly Zboncak PhD,Stanford,27
556,Gerrit Gulgowski,SCU,33
557,Darryl Stoltenberg,Stanford,27
558,Mr. Xzavier Yundt V,ITU,18
559,Ms. Keena Schmitt,Stanford,18
560,Raina Daugherty,SCU,34
561,Cathey Collier DVM,Stanford,28
562,Brandon Cronin,SCU,26
563,Ariel Wiegand,SJSU,34
564,Mr. Dana Muller II,ITU,32
565,Gayla McClure,SCU,25
566,Dempsey Brekke,SCU,33
567,Neveah Baumbach,ITU,19
568,Darwyn Casper,ITU,19
569,Jaeda Hayes,ITU,21
570,Conner Feil,SJSU,30
571,Almina Harber,SJSU,29
572,Ms. Laci Mitchell,SJSU,21
573,Harlan Howe,ITU,23
574,Mrs. Isis Cartwright,SJSU,34
575,Arnulfo Strosin,SJSU,22
576,Mr. Deion Roob,ITU,23
577,Kadeem Runte,SJSU,22
578,Violette Lemke,SJSU,26
579,Mr. Freddy Feil IV,SJSU,19
580,Mrs. Marlyn Wolf DDS,Stanford,21
581,Miss Breana Hegmann DVM,SCU,30
582,Metro Purdy,Stanford,31
583,Mr. Ashton Little V,SCU,25
584,Deon Wuckert,SCU,29
585,Ollie Rippin,Stanford,29
586,Jeffie Champlin,SJSU,32
587,Colton Boyle IV,SCU,19
588,Yusuf Wilderman,ITU,29
589,Columbus Hammes,SJSU,30
590,Elena Adams,SJSU,26
591,Ms. Marion Walsh DDS,ITU,24
592,Dr. Clarnce Ernser V,SJSU,27
593,Mrs. Lavern Johnston PhD,SCU,31
594,Mr. Garland Rempel MD,ITU,22
595,Winton Boehm,Stanford,26
596,Birtie Cormier,SCU,27
597,Darcy Hintz,SJSU,33
598,Mr. Kwame Ryan DDS,SCU,34
599,Bryan Wyman,ITU,33
600,Mr. Budd Rempel,SCU,24
601,Mr. Lyle Hettinger MD,ITU,28
602,Thomas Beatty,SCU,27
603,Sharday Huel MD,SCU,27
604,Ms. Brande Koch DDS,Stanford,23
605,Miss Marian Heller,SJSU,23
606,Kathryne Bernier,Stanford,31
607,Larry Tremblay,ITU,23
608,Janice Boyer,Stanford,33
609,Chance Nitzsche,Stanford,21
610,Miss Achsah Wehner,Stanford,29
611,Jace Marvin,ITU,31
612,Venice Watsica DVM,Stanford,34
613,Miss Marni Jast,SJSU,22
614,Mr. Eber Schmidt V,SCU,19
615,Dr. Barton Senger,Stanford,28
616,Celine Kling,Stanford,29
617,Demi Turner PhD,Stanford,24
618,Korey Durgan,SJSU,29
619,Aron Jacobs,Stanford,21
620,Tilla Pollich,Stanford,19
621,Dr. Ewald Tillman V,Stanford,34
622,Ariane Wunsch,SCU,20
623,Nichol Carroll,SCU,33
624,Letty Becker DVM,SCU,29
625,Selina Walker,SJSU,33
626,Kia Flatley,SCU,23
627,Shelby Abbott,SCU,24
628,Mechelle Bogan,Stanford,34
629,Lucie Stamm,Stanford,18
630,Denisse Lakin,ITU,33
631,Yahaira Will,SCU,25
632,Alvira Johns,ITU,34
633,Laverne Swaniawski,ITU,32
634,Dr. Omarion Hermann Sr.,SJSU,21
635,Tonda Schiller,ITU,25
636,Glenn Hagenes PhD,SJSU,26
637,Demario Mann,SJSU,30
638,Cortez Labadie,SCU,30
639,Jessenia Treutel,SCU,34
640,Cass Purdy,Stanford,32
641,Ott Romaguera PhD,Stanford,18
642,Ms. Vernia Weimann,ITU,33
643,Rayshawn Crooks,Stanford,18
644,Mr. Deron Rolfson,Stanford,22
645,Aletha Morissette,SCU,25
646,Kellie Erdman,ITU,32
647,Emerald Moore,ITU,26
648,Dr. Starling Smith,ITU,27
649,Dr. Steward Treutel DDS,ITU,28
650,Sharonda Botsford,SJSU,32
651,Salena Kautzer,Stanford,32
652,Ms. Francisquita Legros,ITU,18
653,Denny Senger,SCU,30
654,Atha Lebsack,SCU,29
655,Linzy Berge,ITU,25
656,Ephriam Kovacek,ITU,22
657,Dr. Veta Steuber DDS,Stanford,19
658,Dr. Efrem Funk,SJSU,28
659,Elbert Hayes,ITU,23
660,Fumiko Gleichner,Stanford,33
661,Benito Wisoky,ITU,32
662,Loria Witting,Stanford,32
663,Mrs. Eris Mosciski PhD,ITU,31
664,Giada Wiegand,SJSU,33
665,Truman Corkery,SCU,27
666,Vara Schuppe,SCU,27
667,Edison Sanford,ITU,27
668,Miss Deanna Jacobson,SCU,31
669,Jimena Morissette,Stanford,19
670,Dr. Seward Langosh,ITU,21
671,Colbert Russel,SJSU,30
672,Doshie Lubowitz,ITU,19
673,Simone Douglas,SCU,34
674,Amir Ziemann Jr.,SCU,25
675,Jayvon Huels,Stanford,34
676,Lyric Altenwerth,SJSU,31
677,Harlie Reinger III,SCU,29
678,Brandin Feeney,SCU,30
679,Moesha Hahn,ITU,34
680,Mrs. Ronda Mitchell,SJSU,27
681,Mr. Timmothy Barton DVM,Stanford,19
682,Lorenzo Langworth,SJSU,34
683,Dr. Jerod Larson,SJSU,23
684,Brad Frami,Stanford,21
685,Porter Shields,ITU,24
686,Benedict Wiza,SJSU,28
687,Jalen Wiza,Stanford,33
688,Johnnie O'Connell,ITU,18
689,Shantell O'Connell,ITU,21
690,Lea Hagenes,ITU,29
691,Sarita Grady,SJSU,25
692,Mrs. Joselin Jacobi,Stanford,32
693,Anissa Tromp,SJSU,21
694,Mrs. Vernelle Kling DVM,Stanford,34
695,Dr. Euna Mraz PhD,ITU,32
696,Dashawn Gerhold,SCU,23
697,Scarlett Gerlach MD,SJSU,29
698,Mr. Banks Fadel Jr.,SCU,23
699,Dr. Kordell Boyle,SCU,28
700,Cornel Walter,Stanford,26
701,Sanaa Vandervort,SJSU,26
702,Melisa Gutkowski,Stanford,33
703,Tammy Gibson DDS,SCU,29
704,Gennie Kuvalis PhD,SJSU,32
705,Gavyn Dooley,Stanford,26
706,Mr. Shellie Mann,Stanford,23
707,Garth Haley DDS,SJSU,27
708,Mr. Edie Veum,SJSU,26
709,Mr. Maximiliano Treutel Jr.,SJSU,30
710,Dr. Jameel Casper,Stanford,32
711,Wendell Osinski,SJSU,27
712,Koen Funk,SJSU,32
713,Ms. Velda Gerlach,Stanford,26
714,Mr. Riley Sipes,SCU,27
715,Jordy Stamm,ITU,24
716,Dr. Mitchell Gutmann DVM,ITU,23
717,Mr. Rusty O'Keefe,SCU,19
718,Mrs. Analia Stanton PhD,ITU,19
719,Del O'Kon,ITU,26
720,Kris Reinger,Stanford,19
721,Shelva Trantow,SJSU,31
722,Caesar Metz,SJSU,19
723,Texie Bins MD,SCU,24
724,Miss Cailyn Jast,SJSU,24
725,Dr. Fitzhugh Champlin II,ITU,28
726,Kya Gutmann,SJSU,25
727,Kristin Brakus,SJSU,33
728,Esteban Funk,ITU,25
729,Mr. Dickie Greenholt Sr.,Stanford,21
730,Remy Ebert,SJSU,18
731,Channing Reichert,Stanford,20
732,Wong Ankunding Sr.,SJSU,27
733,Marlana Ferry MD,SJSU,31
734,Jose Bogan,Stanford,34
735,Dr. Dulce Lubowitz,Stanford,22
736,Dr. Brenda Bode DDS,Stanford,29
737,Claudius Howell,SJSU,21
738,Dr. Margarett Williamson,SCU,32
739,Spurgeon Rowe,SCU,22
740,Celestino Lesch,SJSU,34
741,Dr. Orrin Schmitt Sr.,Stanford,18
742,Alfred Gusikowski,Stanford,20
743,Kyler Roob,ITU,27
744,Dion Nienow DVM,SJSU,25
745,Maliah Hickle,Stanford,25
746,Sidney Rempel,SJSU,32
747,Arlo Franecki,ITU,28
748,Dr. Lavern Farrell,ITU,27
749,Ottis Trantow,ITU,30
750,Odalys Bednar,SCU,27
751,Elianna Runolfsson,SJSU,34
752,Terese Hayes,ITU,20
753,Judd Prohaska,SJSU,27
754,Garnet Oberbrunner,Stanford,26
755,Porsha Hirthe,ITU,18
756,Hattie Kilback,Stanford,24
757,Dr. Codie O'Connell,Stanford,29
758,Dr. Delphin Terry,SJSU,26
759,Clemmie Pouros,Stanford,22
760,Miss Ressie Prosacco DDS,ITU,29
761,Shawnee Braun,ITU,25
762,Neppie Grant,ITU,28
763,Tamela Reinger,SJSU,23
764,Clovis Yost,SCU,24
765,Tawana Gulgowski,Stanford,31
766,Mr. Maury Kunze,SCU,25
767,Marguerite Rohan,SJSU,34
768,Deondre Luettgen,ITU,22
769,Rollo Kovacek,SCU,19
770,Mrs. India Walter MD,Stanford,22
771,Vito Graham,SJSU,20
772,Glenn Cronin,Stanford,33
773,Normand Jones MD,SCU,18
774,Stetson Gibson,SCU,30
775,Juluis Hammes,SCU,20
776,Mrs. Jailyn Wiza MD,SCU,31
777,Miss Katlynn Rolfson,SCU,28
778,Clare Mills,ITU,32
779,Ms. Norita Stehr PhD,SJSU,30
780,Shanelle Kertzmann,SJSU,29
781,Oren Tromp,ITU,28
782,Samson Jast,SJSU,26
783,Dr. Destin Ondricka,ITU,23
784,Mr. Lenard Becker,SJSU,22
785,Plummer Wunsch,SJSU,33
786,Cinthia Rau DDS,SCU,25
787,Gee Wintheiser,SCU,30
788,Solomon Frami II,ITU,29
789,Ms. Betsey Howell MD,SJSU,22
790,Karyme Hoeger,SCU,20
791,Brandi Bosco,Stanford,28
792,Garnett Shanahan,SCU,21
793,Zilpah Bartell,ITU,32
794,Miss Sheena Beer,SJSU,31
795,Rayshawn Schmitt,SCU,31
796,Dr. Kayleen Kertzmann,Stanford,20
797,Matie Moore,ITU,24
798,Dr. Tyree Reichel,SCU,28
799,Dr. Hillary D'Amore PhD,SJSU,25
800,Smith Armstrong,SCU,18
801,Mauro Ledner,ITU,29
802,Garett Swift,SJSU,25
803,Darian Predovic Jr.,SJSU,31
804,Isadora Davis,SJSU,18
805,Adolph Rempel DDS,SJSU,30
806,Viviana Kohler,ITU,24
807,Tyrek Oberbrunner,SCU,21
808,Jan Smitham DVM,Stanford,25
809,Myrtice Crist,SJSU,34
810,Mikhail Welch,SJSU,23
811,Natalya Wisoky,Stanford,19
812,Ms. Ebony VonRueden,SCU,29
813,Machelle Dickinson,Stanford,29
814,Devaughn Roberts,SJSU,18
815,Tiana Kassulke,ITU,32
816,Gorden Zieme,Stanford,18
817,Shelbi Langosh,ITU,33
818,Hampton Ondricka,ITU,21
819,Dr. Green Wehner Jr.,SCU,18
820,Aarav Jerde,Stanford,24
821,Iyanna Spinka PhD,SJSU,25
822,Parker Labadie DDS,SJSU,22
823,Susanne Hilpert,Stanford,26
824,Mrs. Emaline Hane,SCU,24
825,Orval O'Conner,SCU,33
826,Adolph McGlynn Sr.,Stanford,26
827,Kasey Mayer DVM,ITU,21
828,Mr. Leroy Kutch,SCU,28
829,Zela McGlynn,ITU,27
830,Mrs. Cassandra Johnston,ITU,22
831,Osborn Wunsch,ITU,30
832,Ernie Blanda,ITU,18
833,Dirk Bins,ITU,29
834,Don Bruen PhD,SJSU,21
835,Toma Johns,SJSU,21
836,Alvis Larkin,SJSU,30
837,Dr. Vergie Lindgren DDS,Stanford,31
838,Nakita Muller DDS,Stanford,23
839,Lorenzo Wiegand,Stanford,20
840,Mrs. Shelbie Hessel MD,ITU,25
841,Gottlieb Keebler,ITU,31
842,Angus Weber,Stanford,28
843,Tai Braun,SCU,23
844,Kamilah Rempel,Stanford,22
845,Mrs. Tanesha Schuster,ITU,18
846,Gustavo Mante,SCU,21
847,Raymond Kilback,ITU,19
848,Miss Denise Hickle DDS,SJSU,29
849,Elda Shields,SJSU,25
850,Mahala Romaguera,ITU,20
851,Infant Greenfelder,SJSU,31
852,Dr. Corwin Reilly,ITU,29
853,Mr. Joshua McDermott Sr.,ITU,19
854,Wood Cartwright,SCU,22
855,Zena Yost,Stanford,20
856,Constance Schamberger DDS,SCU,20
857,Jonnie Stanton DVM,SJSU,26
858,Dr. Burdette Robel DDS,SCU,22
859,Myla Lynch,SJSU,26
860,Mr. Amare D'Amore,Stanford,23
861,Lessie Blanda DDS,SJSU,27
862,Noe Welch,ITU,28
863,Stonewall Kunde,ITU,31
864,Diego Boyle,Stanford,32
865,Miss Halie Wiegand DVM,SJSU,23
866,Miss Maye Jacobson DVM,Stanford,18
867,Spurgeon Renner,SJSU,22
868,Gunda Kihn,SCU,18
869,Quiana Leuschke,SJSU,32
870,Llewellyn Ebert I,SJSU,18
871,Janey Rowe,SJSU,27
872,Jeanmarie Zboncak,ITU,25
873,Mrs. Mae Jones MD,SCU,29
874,Aloma Weissnat,SJSU,28
875,Jagger Bogisich,SCU,20
876,Anjanette Marquardt,SJSU,19
877,Dr. Irvine Emmerich,Stanford,32
878,Dr. Loria Leuschke MD,SJSU,22
879,Dr. Reno Roob,ITU,26
880,Posey Johns,SJSU,19
881,Shep Kub,SJSU,34
882,Mrs. Violette Toy MD,SJSU,28
883,Paralee Boehm,SJSU,23
884,Coy Cremin,ITU,32
885,Coy Goodwin,SCU,27
886,Marceline Rutherford PhD,Stanford,27
887,Vaughn O'Conner,SCU,18
888,Mechelle Jones,ITU,32
889,Dr. Randell Prosacco,ITU,29
890,Ashly Koch,ITU,34
891,Unique Brekke PhD,ITU,28
892,Dr. Chandler Barrows,Stanford,22
893,Tylor Glover,Stanford,25
894,Tierra Tillman DDS,SJSU,22
895,Devin Gaylord,SJSU,23
896,Esperanza Bogisich PhD,SJSU,28
897,Rosevelt Block,SCU,29
898,Orren Okuneva,SCU,24
899,Worth Murray IV,SJSU,25
900,Fremont Erdman IV,SCU,21
901,Thelma Pouros,SCU,21
902,Micky Hegmann,Stanford,32
903,Christy Pfannerstill,ITU,20
904,Dameon Goldner,Stanford,23
905,Salome Wolf,Stanford,29
906,London Moore,SCU,28
907,Mrs. Capitola Pfannerstill,Stanford,30
908,Yulissa Ritchie,SCU,28
909,Lacy Koelpin,SCU,26
910,Desirae Donnelly DVM,SJSU,24
911,Jerrold Shanahan,Stanford,31
912,Rhianna Schmidt,SJSU,27
913,Bobby Dietrich III,SCU,33
914,Dr. Arlyne Kshlerin PhD,ITU,31
915,Regenia Trantow,ITU,32
916,Mr. Bertrand Cruickshank V,SJSU,32
917,Dr. Aaden Koelpin V,ITU,21
918,Shawna Gutkowski,Stanford,26
919,Mykel Lynch,SJSU,25
920,Jep Schulist,SCU,24
921,Norene O'Conner PhD,SCU,28
922,Rico Cummerata,SCU,34
923,Aidan O'Connell,Stanford,20
924,Elouise Kuvalis,SCU,21
925,Essex Nienow,SCU,25
926,Breanna Reinger,ITU,31
927,Charolette Walker,ITU,25
928,Lindsay Brekke,SCU,31
929,Benton Mertz,SJSU,24
930,Noel Buckridge II,SJSU,34
931,Dr. Missouri Becker,SJSU,34
932,Mr. Gustav Kuvalis,ITU,30
933,Jorden O'Kon,SJSU,30
934,Mira Conn PhD,Stanford,18
935,Miss Albertha Bednar DDS,Stanford,29
936,Sanford Jaskolski,SJSU,24
937,Oran Morar MD,SJSU,21
938,Rayan Morissette,SCU,19
939,Wilkie Howe,SJSU,27
940,Janet Ullrich,Stanford,28
941,Charls Tromp,SJSU,20
942,Kandi Weimann,SCU,34
943,Dr. Katharina Blick DVM,SJSU,28
944,Milas Fay DVM,ITU,21
945,Glynn Labadie,Stanford,25
946,Dr. Verl Gerlach V,SJSU,29
947,Dr. Jasper Nolan,SJSU,31
948,Kayden O'Connell,ITU,23
949,Paralee Prosacco,SJSU,29
950,Verne Haag,Stanford,20
951,Kent Reynolds,SCU,26
952,Nanie Howell,SCU,33
953,Mr. Jayme Hand,SCU,19
954,Alwilda Smith,ITU,33
955,Mr. Muhammad Johns,SCU,27
956,Verena Luettgen,SCU,26
957,Hart Bashirian,SCU,31
958,Estefany Hartmann,SJSU,19
959,Francesco Ebert,ITU,34
960,Dr. Kristy Russel MD,SJSU,20
961,Kylah Volkman MD,Stanford,33
962,Merton Bosco,SJSU,28
963,Dr. Link Borer DDS,SJSU,22
964,Dr. Rylan Beatty PhD,ITU,25
965,Lissette Yundt,Stanford,28
966,Caswell Ledner,SCU,20
967,Jovani Stroman Sr.,SCU,28
968,Ms. Una Ratke DVM,Stanford,30
969,Tex Steuber,SJSU,19
970,Dr. Corey Leffler I,SJSU,32
971,Roger Eichmann,Stanford,20
972,Delphine Ernser,Stanford,26
973,Mr. Keenen Dare IV,SJSU,22
974,Taliyah Friesen,SJSU,22
975,Yair Wehner,SJSU,32
976,Tim Rolfson,SJSU,21
977,Yajaira Bartoletti,ITU,27
978,Ms. Cami Murray DDS,SJSU,34
979,Ms. Tori Borer PhD,Stanford,28
980,Shaylee Greenholt,SJSU,22
981,Clabe Mante,SJSU,26
982,Elmo Beer,SCU,27
983,Mrs. Merrily Ortiz,Stanford,28
984,Darren Paucek,ITU,25
985,Devon Wintheiser,SJSU,30
986,Sybilla Becker,ITU,34
987,Estelle Hackett,ITU,20
988,Maximilian Heller III,Stanford,30
989,Gordon Wintheiser,SCU,33
990,Miss Dosha Frami,SJSU,34
991,Sharron Schumm,SJSU,31
992,Wenzel Johns,Stanford,33
993,Theodis Kub,SJSU,24
994,Roseann Miller,SCU,32
995,Mr. Arley Bauch Jr.,Stanford,24
996,Unnamed Aufderhar,ITU,30
997,Hartwell Bernhard,Stanford,24
998,Lawrence Murazik,Stanford,19
999,Ms. Lillie Franecki PhD,SCU,21
1000,Ms. Regenia Krajcik,Stanford,31
